{"HorizonLayout":[{"layout":"logo","image":"https://i.imgur.com/KlJOvVQ.png","showMenu":true,"showLogo":true,"showSearch":false,"showCart":true,"showNotification":false,"showBadgeCart":false,"opacity":1,"iconOpacity":0,"iconRadius":6,"iconSpreadRadius":0,"iconSize":24,"logoSize":45,"menuIcon":{"name":"blur_on","fontFamily":"MaterialIcons"}},{"boxShadow":null,"parallax":false,"enableParallax":false,"enableBackground":false,"isHorizontal":false,"marginLeft":0,"layout":"bannerImage","fit":"fitWidth","marginRight":0,"parallaxImageRatio":1.2,"design":"static","marginBottom":0,"items":[{"image":"https://i.imgur.com/bqwBKGj.png","padding":15,"bannerWithProduct":false,"showSubcategory":false,"video":"","defaultShowProduct":false,"products":[]}],"marginTop":10,"height":0.07},{"line":false,"type":"image","showShortDescription":true,"marginRight":0,"imageSpacing":5,"spacing":12,"gradientStyle":false,"itemSize":{"width":70,"height":110},"radius":150,"border":0.6,"imageBoxFit":"fitWidth","labelFontSize":12,"separateWidth":24,"noBackground":false,"enableBorder":false,"imageBorderColor":"ff7cccbf","marginX":0,"marginLeft":0,"marginY":0,"layout":"category","paddingX":5,"imageBorderStyle":"dot","imageBorderWidth":1.5,"size":1,"hideTitle":false,"textAlignment":"topCenter","marginBottom":0,"horizontalItem":false,"wrap":false,"items":[{"image":"https://i.imgur.com/RbhTurY.jpeg","showDescription":false,"originalColor":true,"showText":true,"keepDefaultTitle":false,"onSale":false,"category":"gid://shopify/Collection/287271583924","title":"للرجال","isFeatured":false,"productType":false},{"image":"https://i.imgur.com/qOSLFEK.jpeg","showDescription":false,"originalColor":true,"showText":true,"keepDefaultTitle":false,"onSale":false,"category":"gid://shopify/Collection/287271616692","title":"للنساء","isFeatured":false,"productType":false},{"image":"https://i.imgur.com/5Rb15pE.png","showDescription":false,"originalColor":true,"showText":true,"keepDefaultTitle":false,"category":"gid://shopify/Collection/427303502143","title":"برفيوم"},{"image":"https://i.imgur.com/P7x8LHh.png","showDescription":false,"originalColor":true,"showText":true,"keepDefaultTitle":false,"category":"gid://shopify/Collection/427303436607","title":"تواليت"},{"image":"https://i.imgur.com/RXOjyLP.png","showDescription":false,"originalColor":true,"showText":true,"keepDefaultTitle":false,"category":"gid://shopify/Collection/427303108927","title":"كالونيا"},{"image":"https://i.imgur.com/IQ88J7I.png","showDescription":false,"originalColor":true,"showText":true,"keepDefaultTitle":false,"category":"gid://shopify/Collection/446378934591","title":"بصريات"},{"image":"https://i.imgur.com/36RLCzp.png","showDescription":false,"originalColor":true,"showText":true,"keepDefaultTitle":false,"category":"gid://shopify/Collection/446243471679","title":"البشرة"},{"image":"https://i.imgur.com/lf9gpQj.jpeg","showDescription":false,"originalColor":true,"showText":true,"keepDefaultTitle":false,"category":"gid://shopify/Collection/446375559487","title":"ساعات"}],"marginTop":5,"paddingY":5},{"parallax":false,"doubleTapToFullScreen":false,"enableBackground":false,"isHorizontal":false,"fit":"cover","isBlur":false,"parallaxImageRatio":1.2,"showNumber":false,"design":"swiper","showBackground":false,"radius":20,"enableTimeIndicator":true,"height":0.2,"intervalTime":3,"padding":0,"upHeight":0,"pageIndicatorType":"line","isSlider":true,"isSoundOn":false,"enableParallax":false,"autoPlayVideo":false,"layout":"bannerImage","marginBottom":0,"autoPlay":false,"items":[{"image":"https://i.imgur.com/wsbilVT.jpeg","bannerWithProduct":false,"showSubcategory":false,"video":"","category":"gid://shopify/Collection/432734929215","defaultShowProduct":false,"products":[]},{"image":"https://i.imgur.com/WcD03LS.jpeg","bannerWithProduct":false,"showSubcategory":false,"video":"","category":"gid://shopify/Collection/286335369396","defaultShowProduct":false,"products":[]},{"image":"https://i.imgur.com/kES3JXt.jpeg","bannerWithProduct":false,"showSubcategory":false,"video":"","category":"gid://shopify/Collection/286160617652","defaultShowProduct":false,"products":[]}],"marginTop":0},{"showCartIcon":true,"imageBoxfit":"cover","featured":false,"showStockStatus":false,"hideEmptyProductLayout":false,"showCountDown":false,"parallax":false,"hideStore":false,"columns":0,"vPadding":0,"showQuantity":false,"showHeart":false,"hMargin":6,"parallaxImageRatio":1.2,"showCartButtonWithQuantity":false,"vMargin":0,"showOnlyImage":false,"onSale":false,"image":"","productListItemHeight":125,"showCartIconColor":false,"hPadding":0,"hidePrice":false,"rows":1,"enableBottomAddToCart":false,"enableRating":true,"layout":"threeColumn","imageRatio":1.2,"borderRadius":3,"hideTitle":false,"backgroundRadius":10,"cardDesign":"card","isSnapping":false,"showCartButton":false,"name":"عطور","cartIconRadius":9,"category":"Z2lkOi8vc2hvcGlmeS9Db2xsZWN0aW9uLzI4NjE2MDYxNzY1Mg==","hideEmptyProductListRating":false},{"showCartIcon":true,"imageBoxfit":"cover","showStockStatus":false,"hideEmptyProductLayout":false,"showCountDown":false,"parallax":false,"columns":3,"hideStore":false,"vPadding":2,"showQuantity":false,"showHeart":false,"hMargin":6,"parallaxImageRatio":1.2,"showCartButtonWithQuantity":false,"vMargin":0,"showOnlyImage":false,"onSale":false,"image":"","productListItemHeight":125,"showCartIconColor":false,"hPadding":6,"hidePrice":false,"rows":1,"enableBottomAddToCart":false,"layout":"threeColumn","enableRating":true,"imageRatio":1.2,"borderRadius":3,"hideTitle":false,"cardDesign":"card","backgroundRadius":10,"isSnapping":false,"showCartButton":false,"name":"عطور عربية","cartIconRadius":9,"category":"gid://shopify/Collection/287379030196","hideEmptyProductListRating":false},{"parallax":false,"enableParallax":false,"enableBackground":false,"isHorizontal":false,"marginLeft":0,"layout":"bannerImage","fit":"fitWidth","marginRight":0,"parallaxImageRatio":1.2,"design":"static","marginBottom":0,"items":[{"image":"https://i.imgur.com/tLEoksI.jpeg","padding":15,"bannerWithProduct":false,"showSubcategory":false,"video":"","category":"gid://shopify/Collection/287379030196","defaultShowProduct":false,"products":[]}],"marginTop":10,"height":0.2},{"showCartIcon":true,"imageBoxfit":"cover","showStockStatus":false,"hideEmptyProductLayout":false,"showCountDown":false,"parallax":false,"columns":3,"hideStore":false,"vPadding":2,"showQuantity":false,"showHeart":false,"hMargin":6,"parallaxImageRatio":1.2,"showCartButtonWithQuantity":false,"vMargin":0,"showOnlyImage":false,"onSale":false,"image":"","productListItemHeight":125,"showCartIconColor":false,"hPadding":6,"hidePrice":false,"rows":1,"enableBottomAddToCart":false,"layout":"threeColumn","enableRating":true,"imageRatio":1.2,"borderRadius":3,"hideTitle":false,"cardDesign":"card","backgroundRadius":10,"isSnapping":false,"showCartButton":false,"name":"عطور النيش","cartIconRadius":9,"category":"gid://shopify/Collection/286335303860","hideEmptyProductListRating":false},{"parallax":false,"enableParallax":false,"enableBackground":false,"isHorizontal":false,"marginLeft":0,"layout":"bannerImage","fit":"fitWidth","marginRight":0,"parallaxImageRatio":1.2,"design":"static","marginBottom":0,"items":[{"image":"https://i.imgur.com/we1fYDg.jpeg","padding":15,"bannerWithProduct":false,"showSubcategory":false,"video":"","category":"gid://shopify/Collection/286335336628","defaultShowProduct":false,"products":[]}],"marginTop":10,"height":0.2},{"showCartIcon":true,"imageBoxfit":"cover","showStockStatus":false,"hideEmptyProductLayout":false,"showCountDown":false,"parallax":false,"columns":3,"hideStore":false,"vPadding":2,"showQuantity":false,"showHeart":false,"hMargin":6,"parallaxImageRatio":1.2,"showCartButtonWithQuantity":false,"vMargin":0,"showOnlyImage":false,"onSale":false,"image":"","productListItemHeight":125,"showCartIconColor":false,"hPadding":6,"hidePrice":false,"rows":1,"enableBottomAddToCart":false,"layout":"threeColumn","enableRating":true,"imageRatio":1.2,"borderRadius":3,"hideTitle":false,"cardDesign":"card","backgroundRadius":10,"isSnapping":false,"showCartButton":false,"name":"بخور","cartIconRadius":9,"category":"gid://shopify/Collection/286335369396","hideEmptyProductListRating":false}],"Setting":{"TabBarConfig":{"enableOnTop":false,"color":null,"radiusTopLeft":0,"paddingRight":0,"radiusTopRight":0,"TabBarIndicator":{"strokeWidth":null,"color":null,"horizontalPadding":0,"topRightRadius":null,"tabPosition":"bottom","bottomRightRadius":null,"bottomLeftRadius":null,"topLeftRadius":null,"paintingStyle":"fill","distanceFromCenter":null,"radius":null,"verticalPadding":null,"height":null},"showMinimize":false,"marginRight":0,"enableDivider":true,"paddingBottom":0,"indicatorStyle":"none","enable":true,"radiusBottomRight":0,"iconSize":22.968195913186673,"showFloatingClip":false,"paddingTop":0,"isSafeArea":true,"TabBarFloating":{"elevation":null,"color":null,"width":null,"floatingType":"rectangle","location":null,"position":0,"radius":null,"height":null},"showFloating":false,"colorActiveIcon":"ff7cccbf","colorCart":null,"radiusBottomLeft":0,"alwaysShowTabBar":false,"marginLeft":0,"colorIcon":"ff9e9e9e","marginBottom":0,"paddingLeft":0,"marginTop":0},"FontFamily":"Cairo","FontHeader":"Cairo","MainColor":"ff7cccbf","ShowChat":true,"ProductListLayout":"list","StickyHeader":true},"TabBar":[{"layout":"home","fontFamily":"CupertinoIcons","fullscreen":false,"pos":100,"showOriginalColor":false,"defaultTab":false,"icon":"home","label":"الرئيسية","key":"GpdmblWTlj"},{"showOriginalColor":false,"parallax":false,"defaultTab":false,"icon":"rectangle_grid_1x2","label":"الأقسام","layout":"category","parallaxImageRatio":1.2,"fontFamily":"CupertinoIcons","fullscreen":false,"pos":200,"showSearch":true,"categories":["gid://shopify/Collection/432734929215","gid://shopify/Collection/286160617652","gid://shopify/Collection/287379030196","gid://shopify/Collection/286335303860","gid://shopify/Collection/286335336628","gid://shopify/Collection/286335369396","gid://shopify/Collection/286335402164","gid://shopify/Collection/286649385140","gid://shopify/Collection/286649516212","gid://shopify/Collection/286649548980","gid://shopify/Collection/286649581748","gid://shopify/Collection/286649614516","gid://shopify/Collection/286650761396","gid://shopify/Collection/446375559487","gid://shopify/Collection/446378934591","gid://shopify/Collection/446243471679","gid://shopify/Collection/287271583924","gid://shopify/Collection/287271616692","gid://shopify/Collection/427303108927","gid://shopify/Collection/427303436607","gid://shopify/Collection/427303502143"],"categoryLayout":"card","key":"UTnnDPBWgY"},{"layout":"brands","fontFamily":"CupertinoIcons","fullscreen":false,"pos":300,"showOriginalColor":false,"defaultTab":false,"icon":"tag","label":"الماركات","key":"yENlsmoVxW"},{"layout":"wishlist","fontFamily":"CupertinoIcons","fullscreen":false,"pos":400,"showOriginalColor":false,"defaultTab":false,"icon":"heart","label":"المفضلة","key":"GfOpYNPrxf"},{"layout":"cart","fontFamily":"CupertinoIcons","visible":false,"fullscreen":false,"pos":500,"defaultTab":false,"icon":"bag_fill","label":"Cart","key":"FbnXPGJJCC"},{"layout":"profile","settings":["wishlist","notifications","language","currencies","darkTheme","order","rating","privacy","about","biometrics"],"fontFamily":"CupertinoIcons","fullscreen":false,"pos":600,"showOriginalColor":false,"background":"https://i.imgur.com/mPKDtr6.jpeg","defaultTab":false,"showBackground":true,"icon":"profile_circled","label":"حسابي","subGeneralSetting":{"about":{"enableClose":false,"webViewMode":false,"webUrl":"https://fawaah.com/ar/pages/about","enableBackward":true,"requiredLogin":false,"script":"","enableForward":false},"privacy":{"enableClose":false,"webViewMode":false,"webUrl":"https://fawaah.com/ar/pages/privacy-policy","enableBackward":true,"requiredLogin":false,"script":"","enableForward":false}},"key":"RRfaWaSzDm"}],"Drawer":{"filter":0,"logoConfig":{"marginRight":0,"backgroundColor":"ff101e3c","width":290,"boxFit":"fitHeight","marginBottom":28,"marginTop":50,"marginLeft":20,"height":90},"enable":true,"logo":"https://i.imgur.com/isRDy5i.png","subDrawerItem":{},"safeArea":false,"items":[{"show":true,"type":"home"},{"show":false,"type":"blog"},{"show":true,"type":"categories"},{"show":true,"type":"cart"},{"show":true,"type":"profile"},{"show":true,"type":"login"},{"show":false,"type":"category"},{"show":false,"type":"web"}],"key":"1zqcllcjaj"},"AppBar":{"elevation":0,"pinned":true,"showOnScreens":[],"enable":true,"floating":true,"alwaysShowAppBar":false,"snap":true}}